new_id,RACE_INC,inv_male_AIp6m,man_male_AIp12m,total_AI_inc,total_onetime,prop_onetime,daily_prob,daily_prob_100
1,Black/African American,1,,1,1,1,0.005555556,0.555555556
2,Black/African American,43,,5,1,0.2,0.047777778,4.777777778
3,Black/African American,1,,1,0,0,0,0
4,Black/African American,2,,2,0,0,0,0
5,Black/African American,9,,5,2,0.4,0.02,2
6,Black/African American,4,,3,2,0.666666667,0.014814815,1.481481482
7,Black/African American,1,,3,3,1,0.005555556,0.555555556
8,Black/African American,2,,3,2,0.666666667,0.007407407,0.740740741
9,Black/African American,8,,4,1,0.25,0.011111111,1.111111111
10,Black/African American,,,3,0,0,,
11,Black/African American,2,,2,0,0,0,0
12,Black/African American,2,,2,0,0,0,0
13,Black/African American,0,,1,1,1,0,0
14,Black/African American,1,,1,0,0,0,0
15,Black/African American,1,,1,0,0,0,0
16,Black/African American,2,,2,1,0.5,0.005555556,0.555555556
17,Black/African American,1,,1,0,0,0,0
18,Black/African American,1,,5,2,0.4,0.002222222,0.222222222
19,Black/African American,15,,5,2,0.4,0.033333333,3.333333333
20,White/Caucasian,3,,2,2,1,0.016666667,1.666666667
21,Black/African American,0,,1,1,1,0,0
22,Black/African American,1,,1,1,1,0.005555556,0.555555556
23,Black/African American,11,,2,1,0.5,0.030555556,3.055555556
24,Black/African American,2,,2,2,1,0.011111111,1.111111111
25,Black/African American,6,,4,1,0.25,0.008333333,0.833333333
26,White/Caucasian,1,,2,1,0.5,0.002777778,0.277777778
27,Black/African American,3,,5,3,0.6,0.01,1
28,Black/African American,10,,4,0,0,0,0
29,White/Caucasian,1,,1,0,0,0,0
30,Black/African American,1,,1,0,0,0,0
31,Black/African American,2,,1,1,1,0.011111111,1.111111111
32,Black/African American,3,,3,1,0.333333333,0.005555556,0.555555556
33,White/Caucasian,3,,2,2,1,0.016666667,1.666666667
34,Black/African American,3,,4,3,0.75,0.0125,1.25
35,White/Caucasian,1,,1,0,0,0,0
36,Black/African American,4,,4,1,0.25,0.005555556,0.555555556
37,White/Caucasian,2,,2,1,0.5,0.005555556,0.555555556
38,White/Caucasian,1,,1,0,0,0,0
39,Black/African American,3,,2,0,0,0,0
40,Black/African American,4,,5,4,0.8,0.017777778,1.777777778
41,White/Caucasian,2,,2,0,0,0,0
42,White/Caucasian,2,,1,0,0,0,0
43,Black/African American,1,,1,0,0,0,0
44,Black/African American,1,,1,0,0,0,0
45,Black/African American,3,,3,1,0.333333333,0.005555556,0.555555556
46,Black/African American,3,,3,0,0,0,0
47,White/Caucasian,2,,2,1,0.5,0.005555556,0.555555556
48,White/Caucasian,2,,2,1,0.5,0.005555556,0.555555556
49,White/Caucasian,4,,4,2,0.5,0.011111111,1.111111111
50,Black/African American,5,,5,4,0.8,0.022222222,2.222222222
51,White/Caucasian,1,,3,2,0.666666667,0.003703704,0.37037037
52,Black/African American,2,,3,3,1,0.011111111,1.111111111
53,Black/African American,2,,2,0,0,0,0
54,Black/African American,4,,4,2,0.5,0.011111111,1.111111111
55,White/Caucasian,1,,1,0,0,0,0
56,White/Caucasian,12,,3,0,0,0,0
57,White/Caucasian,3,,3,0,0,0,0
58,White/Caucasian,1,,1,1,1,0.005555556,0.555555556
59,White/Caucasian,2,,3,1,0.333333333,0.003703704,0.37037037
60,White/Caucasian,0,,3,2,0.666666667,0,0
61,White/Caucasian,,,2,1,0.5,,
62,Black/African American,2,,2,0,0,0,0
63,White/Caucasian,3,,3,1,0.333333333,0.005555556,0.555555556
64,White/Caucasian,1,,1,0,0,0,0
65,Black/African American,4,,4,3,0.75,0.016666667,1.666666667
66,Black/African American,6,,3,0,0,0,0
67,White/Caucasian,5,,3,1,0.333333333,0.009259259,0.925925926
68,Black/African American,2,,3,2,0.666666667,0.007407407,0.740740741
69,White/Caucasian,,,3,0,0,,
70,Black/African American,2,,3,3,1,0.011111111,1.111111111
71,White/Caucasian,3,,3,2,0.666666667,0.011111111,1.111111111
72,White/Caucasian,3,,2,1,0.5,0.008333333,0.833333333
73,White/Caucasian,3,,3,1,0.333333333,0.005555556,0.555555556
74,Black/African American,5,,5,2,0.4,0.011111111,1.111111111
75,Black/African American,2,,2,2,1,0.011111111,1.111111111
76,White/Caucasian,2,,2,1,0.5,0.005555556,0.555555556
77,White/Caucasian,1,,2,1,0.5,0.002777778,0.277777778
78,White/Caucasian,3,,2,2,1,0.016666667,1.666666667
79,Black/African American,14,,5,3,0.6,0.046666667,4.666666667
80,White/Caucasian,1,,1,0,0,0,0
81,White/Caucasian,1,,1,0,0,0,0
82,Black/African American,2,,2,1,0.5,0.005555556,0.555555556
83,Black/African American,2,,3,2,0.666666667,0.007407407,0.740740741
84,Black/African American,1,,3,2,0.666666667,0.003703704,0.37037037
85,White/Caucasian,2,,2,2,1,0.011111111,1.111111111
86,White/Caucasian,0,,1,1,1,0,0
87,Black/African American,7,,4,3,0.75,0.029166667,2.916666667
88,White/Caucasian,19,,4,0,0,0,0
89,White/Caucasian,2,,5,2,0.4,0.004444444,0.444444444
90,Black/African American,9,,5,5,1,0.05,5
91,White/Caucasian,20,,5,1,0.2,0.022222222,2.222222222
92,Black/African American,3,,3,1,0.333333333,0.005555556,0.555555556
93,White/Caucasian,3,,3,2,0.666666667,0.011111111,1.111111111
94,White/Caucasian,2,,2,1,0.5,0.005555556,0.555555556
95,White/Caucasian,3,,3,1,0.333333333,0.005555556,0.555555556
96,White/Caucasian,1,,1,0,0,0,0
97,White/Caucasian,1,,2,1,0.5,0.002777778,0.277777778
98,Black/African American,,,2,1,0.5,,
99,Black/African American,1,,1,0,0,0,0
100,White/Caucasian,1,,1,0,0,0,0
101,Black/African American,1,,1,0,0,0,0
102,White/Caucasian,2,,1,0,0,0,0
103,White/Caucasian,3,,3,2,0.666666667,0.011111111,1.111111111
104,White/Caucasian,4,,3,3,1,0.022222222,2.222222222
105,White/Caucasian,2,,3,2,0.666666667,0.007407407,0.740740741
106,White/Caucasian,8,,2,1,0.5,0.022222222,2.222222222
107,Black/African American,2,,1,1,1,0.011111111,1.111111111
108,Black/African American,1,,1,1,1,0.005555556,0.555555556
109,White/Caucasian,15,,5,0,0,0,0
110,White/Caucasian,7,,4,2,0.5,0.019444444,1.944444444
111,White/Caucasian,2,,5,3,0.6,0.006666667,0.666666667
112,White/Caucasian,8,,5,4,0.8,0.035555556,3.555555556
113,White/Caucasian,4,,4,3,0.75,0.016666667,1.666666667
114,White/Caucasian,3,,1,0,0,0,0
115,White/Caucasian,1,,1,0,0,0,0
116,White/Caucasian,3,,4,4,1,0.016666667,1.666666667
117,White/Caucasian,1,,1,0,0,0,0
118,White/Caucasian,2,,2,0,0,0,0
119,Black/African American,1,,2,2,1,0.005555556,0.555555556
120,Black/African American,4,,5,3,0.6,0.013333333,1.333333333
121,White/Caucasian,2,,2,0,0,0,0
122,Black/African American,14,,2,2,1,0.077777778,7.777777778
123,Black/African American,2,,2,1,0.5,0.005555556,0.555555556
124,White/Caucasian,3,,3,2,0.666666667,0.011111111,1.111111111
125,Black/African American,5,,4,3,0.75,0.020833333,2.083333333
126,Black/African American,1,,2,2,1,0.005555556,0.555555556
127,White/Caucasian,1,,1,0,0,0,0
128,White/Caucasian,4,,4,2,0.5,0.011111111,1.111111111
129,White/Caucasian,10,,5,4,0.8,0.044444444,4.444444444
130,White/Caucasian,8,,4,1,0.25,0.011111111,1.111111111
131,White/Caucasian,10,,4,0,0,0,0
132,White/Caucasian,20,,5,5,1,0.111111111,11.11111111
133,White/Caucasian,2,,2,1,0.5,0.005555556,0.555555556
134,White/Caucasian,3,,4,3,0.75,0.0125,1.25
135,White/Caucasian,2,,2,0,0,0,0
136,Black/African American,2,,2,0,0,0,0
137,Black/African American,4,,4,4,1,0.022222222,2.222222222
138,Black/African American,3,,3,2,0.666666667,0.011111111,1.111111111
139,Black/African American,2,,1,0,0,0,0
140,Black/African American,3,,3,1,0.333333333,0.005555556,0.555555556
141,White/Caucasian,25,,5,1,0.2,0.027777778,2.777777778
142,Black/African American,5,,2,1,0.5,0.013888889,1.388888889
143,Black/African American,76,,3,1,0.333333333,0.140740741,14.07407407
144,Black/African American,6,,4,2,0.5,0.016666667,1.666666667
145,White/Caucasian,1,,1,0,0,0,0
146,Black/African American,5,,1,1,1,0.027777778,2.777777778
147,White/Caucasian,2,,2,0,0,0,0
148,White/Caucasian,4,,3,0,0,0,0
149,Black/African American,7,,3,2,0.666666667,0.025925926,2.592592593
150,White/Caucasian,6,,3,2,0.666666667,0.022222222,2.222222222
151,Black/African American,2,,2,1,0.5,0.005555556,0.555555556
152,White/Caucasian,1,,1,1,1,0.005555556,0.555555556
153,Black/African American,2,,5,2,0.4,0.004444444,0.444444444
154,Black/African American,1,,5,4,0.8,0.004444444,0.444444444
155,Black/African American,2,,2,0,0,0,0
156,Black/African American,1,,1,0,0,0,0
157,White/Caucasian,13,,2,0,0,0,0
158,Black/African American,5,,1,0,0,0,0
159,Black/African American,2,,1,1,1,0.011111111,1.111111111
160,White/Caucasian,8,,1,0,0,0,0
161,Black/African American,5,,4,3,0.75,0.020833333,2.083333333
162,Black/African American,4,,3,3,1,0.022222222,2.222222222
163,Black/African American,3,,3,2,0.666666667,0.011111111,1.111111111
164,White/Caucasian,2,,2,2,1,0.011111111,1.111111111
165,White/Caucasian,1,,2,1,0.5,0.002777778,0.277777778
166,White/Caucasian,1,,1,0,0,0,0
167,Black/African American,2,,2,2,1,0.011111111,1.111111111
168,Black/African American,1,,1,0,0,0,0
169,White/Caucasian,4,,2,1,0.5,0.011111111,1.111111111
170,Black/African American,3,,4,2,0.5,0.008333333,0.833333333
171,White/Caucasian,1,,1,0,0,0,0
172,Black/African American,1,,1,1,1,0.005555556,0.555555556
173,Black/African American,3,,4,4,1,0.016666667,1.666666667
174,White/Caucasian,6,,4,0,0,0,0
175,Black/African American,3,,5,1,0.2,0.003333333,0.333333333
176,Black/African American,2,,2,2,1,0.011111111,1.111111111
177,Black/African American,4,,3,1,0.333333333,0.007407407,0.740740741
178,Black/African American,6,,2,1,0.5,0.016666667,1.666666667
179,Black/African American,0,,1,1,1,0,0
180,Black/African American,7,,4,1,0.25,0.009722222,0.972222222
181,Black/African American,3,,3,0,0,0,0
182,White/Caucasian,4,,3,0,0,0,0
183,Black/African American,2,,1,1,1,0.011111111,1.111111111
184,Black/African American,5,,4,1,0.25,0.006944444,0.694444444
185,Black/African American,3,,3,1,0.333333333,0.005555556,0.555555556
186,Black/African American,6,,2,0,0,0,0
187,White/Caucasian,4,,4,2,0.5,0.011111111,1.111111111
188,White/Caucasian,1,,1,1,1,0.005555556,0.555555556
189,Black/African American,4,,5,3,0.6,0.013333333,1.333333333
190,White/Caucasian,7,,3,2,0.666666667,0.025925926,2.592592593
191,Black/African American,2,,2,1,0.5,0.005555556,0.555555556
192,White/Caucasian,5,,5,2,0.4,0.011111111,1.111111111
193,Black/African American,5,,3,3,1,0.027777778,2.777777778
194,White/Caucasian,3,,3,1,0.333333333,0.005555556,0.555555556
195,White/Caucasian,1,,1,1,1,0.005555556,0.555555556
196,White/Caucasian,2,,2,0,0,0,0
197,Black/African American,10,,2,0,0,0,0
198,Black/African American,,,1,1,1,,
199,Black/African American,19,,3,1,0.333333333,0.035185185,3.518518519
200,White/Caucasian,15,,3,0,0,0,0
201,White/Caucasian,5,,5,1,0.2,0.005555556,0.555555556
202,Black/African American,3,,5,1,0.2,0.003333333,0.333333333
203,Black/African American,1,,2,1,0.5,0.002777778,0.277777778
204,Black/African American,1,,5,3,0.6,0.003333333,0.333333333
205,White/Caucasian,2,,1,0,0,0,0
206,White/Caucasian,3,,3,0,0,0,0
207,White/Caucasian,5,,1,0,0,0,0
208,Black/African American,4,,3,2,0.666666667,0.014814815,1.481481482
209,Black/African American,7,,1,0,0,0,0
210,White/Caucasian,5,,3,2,0.666666667,0.018518519,1.851851852
211,Black/African American,3,,5,3,0.6,0.01,1
212,White/Caucasian,5,,4,3,0.75,0.020833333,2.083333333
213,Black/African American,4,,5,4,0.8,0.017777778,1.777777778
214,Black/African American,2,,1,0,0,0,0
215,Black/African American,1,,1,0,0,0,0
216,Black/African American,3,,4,1,0.25,0.004166667,0.416666667
217,Black/African American,0,,5,4,0.8,0,0
218,Black/African American,2,,2,1,0.5,0.005555556,0.555555556
219,Black/African American,4,,4,1,0.25,0.005555556,0.555555556
220,Black/African American,5,,4,2,0.5,0.013888889,1.388888889
221,Black/African American,2,,4,3,0.75,0.008333333,0.833333333
222,Black/African American,1,,2,1,0.5,0.002777778,0.277777778
223,Black/African American,5,,5,3,0.6,0.016666667,1.666666667
224,Black/African American,3,,5,2,0.4,0.006666667,0.666666667
225,White/Caucasian,3,,3,1,0.333333333,0.005555556,0.555555556
226,Black/African American,3,,2,2,1,0.016666667,1.666666667
227,Black/African American,3,,3,2,0.666666667,0.011111111,1.111111111
228,White/Caucasian,2,,2,0,0,0,0
229,White/Caucasian,9,,4,1,0.25,0.0125,1.25
230,Black/African American,15,,3,2,0.666666667,0.055555556,5.555555556
231,Black/African American,6,,5,0,0,0,0
232,White/Caucasian,1,,4,1,0.25,0.001388889,0.138888889
233,White/Caucasian,1,,1,0,0,0,0
234,White/Caucasian,8,,5,1,0.2,0.008888889,0.888888889
235,Black/African American,2,,2,1,0.5,0.005555556,0.555555556
236,White/Caucasian,4,,3,1,0.333333333,0.007407407,0.740740741
237,Black/African American,2,,3,2,0.666666667,0.007407407,0.740740741
238,White/Caucasian,50,,4,3,0.75,0.208333333,20.83333333
239,White/Caucasian,1,,1,1,1,0.005555556,0.555555556
240,Black/African American,5,,4,2,0.5,0.013888889,1.388888889
241,White/Caucasian,5,,2,0,0,0,0
242,White/Caucasian,4,,4,0,0,0,0
243,White/Caucasian,0,,1,1,1,0,0
244,White/Caucasian,1,,1,0,0,0,0
245,Black/African American,2,,4,2,0.5,0.005555556,0.555555556
246,White/Caucasian,3,,2,2,1,0.016666667,1.666666667
247,White/Caucasian,2,,2,1,0.5,0.005555556,0.555555556
248,White/Caucasian,3,,3,2,0.666666667,0.011111111,1.111111111
249,White/Caucasian,2,,3,1,0.333333333,0.003703704,0.37037037
250,White/Caucasian,7,,1,0,0,0,0
251,White/Caucasian,1,,1,0,0,0,0
252,Black/African American,3,,3,2,0.666666667,0.011111111,1.111111111
253,White/Caucasian,3,,2,1,0.5,0.008333333,0.833333333
254,Black/African American,2,,1,1,1,0.011111111,1.111111111
255,Black/African American,11,,3,2,0.666666667,0.040740741,4.074074074
256,Black/African American,2,,5,4,0.8,0.008888889,0.888888889
257,Black/African American,4,,5,4,0.8,0.017777778,1.777777778
258,White/Caucasian,2,,2,1,0.5,0.005555556,0.555555556
259,Black/African American,1,,1,0,0,0,0
260,Black/African American,,,1,1,1,,
261,Black/African American,1,,3,1,0.333333333,0.001851852,0.185185185
262,White/Caucasian,12,,1,1,1,0.066666667,6.666666667
263,White/Caucasian,2,,2,1,0.5,0.005555556,0.555555556
264,White/Caucasian,4,,4,0,0,0,0
265,Black/African American,2,,2,0,0,0,0
266,Black/African American,3,,4,0,0,0,0
267,Black/African American,2,,4,2,0.5,0.005555556,0.555555556
268,Black/African American,5,,5,1,0.2,0.005555556,0.555555556
269,Black/African American,25,,3,0,0,0,0
270,Black/African American,1,,1,1,1,0.005555556,0.555555556
271,White/Caucasian,1,,1,0,0,0,0
272,White/Caucasian,24,,3,1,0.333333333,0.044444444,4.444444444
273,Black/African American,,,1,0,0,,
274,White/Caucasian,2,,2,1,0.5,0.005555556,0.555555556
275,White/Caucasian,2,,2,0,0,0,0
276,White/Caucasian,1,,1,0,0,0,0
277,White/Caucasian,40,,4,1,0.25,0.055555556,5.555555556
278,White/Caucasian,1,,1,1,1,0.005555556,0.555555556
279,White/Caucasian,2,,2,1,0.5,0.005555556,0.555555556
280,Black/African American,5,,4,3,0.75,0.020833333,2.083333333
281,White/Caucasian,2,,1,0,0,0,0
282,Black/African American,3,,3,1,0.333333333,0.005555556,0.555555556
283,White/Caucasian,5,,4,3,0.75,0.020833333,2.083333333
284,White/Caucasian,2,,2,1,0.5,0.005555556,0.555555556
285,Black/African American,1,,1,1,1,0.005555556,0.555555556
286,Black/African American,1,,1,0,0,0,0
287,Black/African American,0,,4,4,1,0,0
288,White/Caucasian,3,,3,0,0,0,0
289,Black/African American,3,,2,0,0,0,0
290,White/Caucasian,2,,3,2,0.666666667,0.007407407,0.740740741
291,White/Caucasian,4,,4,2,0.5,0.011111111,1.111111111
292,White/Caucasian,10,,5,1,0.2,0.011111111,1.111111111
293,White/Caucasian,6,,3,1,0.333333333,0.011111111,1.111111111
294,White/Caucasian,1,,1,0,0,0,0
295,White/Caucasian,11,,4,1,0.25,0.015277778,1.527777778
296,White/Caucasian,2,,2,0,0,0,0
297,Black/African American,6,,3,2,0.666666667,0.022222222,2.222222222
298,White/Caucasian,,,2,1,0.5,,
299,White/Caucasian,2,,3,2,0.666666667,0.007407407,0.740740741
300,White/Caucasian,0,,2,0,0,0,0
301,White/Caucasian,2,,1,0,0,0,0
302,Black/African American,2,,2,1,0.5,0.005555556,0.555555556
303,White/Caucasian,2,,2,1,0.5,0.005555556,0.555555556
304,White/Caucasian,1,,1,0,0,0,0
305,White/Caucasian,3,,3,0,0,0,0
306,White/Caucasian,4,,2,0,0,0,0
307,White/Caucasian,3,,3,1,0.333333333,0.005555556,0.555555556
308,Black/African American,2,,2,1,0.5,0.005555556,0.555555556
309,White/Caucasian,5,,3,0,0,0,0
310,White/Caucasian,3,,5,2,0.4,0.006666667,0.666666667
311,Black/African American,5,,2,1,0.5,0.013888889,1.388888889
312,Black/African American,1,,1,1,1,0.005555556,0.555555556
313,Black/African American,2,,2,1,0.5,0.005555556,0.555555556
314,White/Caucasian,8,,4,1,0.25,0.011111111,1.111111111
315,White/Caucasian,0,,1,1,1,0,0
316,White/Caucasian,,,5,3,0.6,,
317,White/Caucasian,35,,2,1,0.5,0.097222222,9.722222222
318,White/Caucasian,70,,1,0,0,0,0
319,White/Caucasian,4,,3,2,0.666666667,0.014814815,1.481481482
320,White/Caucasian,2,,1,0,0,0,0
321,White/Caucasian,5,,5,0,0,0,0
322,White/Caucasian,2,,2,1,0.5,0.005555556,0.555555556
323,White/Caucasian,3,,3,2,0.666666667,0.011111111,1.111111111
324,White/Caucasian,2,,2,1,0.5,0.005555556,0.555555556
325,Black/African American,3,,4,4,1,0.016666667,1.666666667
326,White/Caucasian,12,,4,3,0.75,0.05,5
327,White/Caucasian,6,,2,1,0.5,0.016666667,1.666666667
328,White/Caucasian,2,,2,1,0.5,0.005555556,0.555555556
329,White/Caucasian,10,,5,1,0.2,0.011111111,1.111111111
330,White/Caucasian,5,,3,0,0,0,0
331,White/Caucasian,3,,3,1,0.333333333,0.005555556,0.555555556
332,White/Caucasian,28,,2,1,0.5,0.077777778,7.777777778
333,White/Caucasian,3,,4,1,0.25,0.004166667,0.416666667
334,White/Caucasian,1,,4,0,0,0,0
335,White/Caucasian,5,,3,1,0.333333333,0.009259259,0.925925926
336,White/Caucasian,6,,5,4,0.8,0.026666667,2.666666667
337,Black/African American,3,,3,2,0.666666667,0.011111111,1.111111111
338,White/Caucasian,10,,5,3,0.6,0.033333333,3.333333333
339,Black/African American,1,,1,0,0,0,0
340,Black/African American,9,,3,3,1,0.05,5
341,White/Caucasian,8,,2,1,0.5,0.022222222,2.222222222
342,White/Caucasian,3,,3,1,0.333333333,0.005555556,0.555555556
343,White/Caucasian,9,,5,2,0.4,0.02,2
344,Black/African American,3,,2,1,0.5,0.008333333,0.833333333
345,Black/African American,2,,2,0,0,0,0
346,White/Caucasian,1,,1,0,0,0,0
347,White/Caucasian,20,,4,1,0.25,0.027777778,2.777777778
348,White/Caucasian,6,,5,3,0.6,0.02,2
349,Black/African American,1,,1,1,1,0.005555556,0.555555556
350,White/Caucasian,8,,2,1,0.5,0.022222222,2.222222222
351,Black/African American,2,,2,0,0,0,0
352,White/Caucasian,4,,4,3,0.75,0.016666667,1.666666667
353,Black/African American,,,5,2,0.4,,
354,Black/African American,4,,5,4,0.8,0.017777778,1.777777778
355,Black/African American,2,,3,1,0.333333333,0.003703704,0.37037037
356,White/Caucasian,1,,2,2,1,0.005555556,0.555555556
357,White/Caucasian,2,,2,0,0,0,0
358,Black/African American,7,,5,1,0.2,0.007777778,0.777777778
359,Black/African American,1,,1,0,0,0,0
360,White/Caucasian,7,,5,2,0.4,0.015555556,1.555555556
361,White/Caucasian,2,,2,0,0,0,0
362,White/Caucasian,8,,1,0,0,0,0
363,White/Caucasian,4,,2,1,0.5,0.011111111,1.111111111
364,White/Caucasian,2,,3,0,0,0,0
365,White/Caucasian,6,,3,2,0.666666667,0.022222222,2.222222222
366,Black/African American,2,,2,0,0,0,0
367,Black/African American,3,,5,4,0.8,0.013333333,1.333333333
368,White/Caucasian,2,,1,0,0,0,0
369,Black/African American,4,,2,0,0,0,0
370,White/Caucasian,3,,4,2,0.5,0.008333333,0.833333333
371,White/Caucasian,2,,1,1,1,0.011111111,1.111111111
372,White/Caucasian,1,,2,0,0,0,0
373,White/Caucasian,15,,3,2,0.666666667,0.055555556,5.555555556
374,Black/African American,3,,3,2,0.666666667,0.011111111,1.111111111
375,White/Caucasian,4,,3,2,0.666666667,0.014814815,1.481481482
376,Black/African American,0,,1,0,0,0,0
377,Black/African American,2,,1,0,0,0,0
378,Black/African American,1,,1,0,0,0,0
379,Black/African American,1,,1,1,1,0.005555556,0.555555556
380,White/Caucasian,1,,1,1,1,0.005555556,0.555555556
381,White/Caucasian,6,,4,1,0.25,0.008333333,0.833333333
382,Black/African American,0,,1,0,0,0,0
383,Black/African American,3,,3,3,1,0.016666667,1.666666667
384,Black/African American,4,,2,0,0,0,0
385,Black/African American,2,,2,2,1,0.011111111,1.111111111
386,White/Caucasian,14,,5,2,0.4,0.031111111,3.111111111
387,White/Caucasian,1,,3,1,0.333333333,0.001851852,0.185185185
388,White/Caucasian,,,3,1,0.333333333,,
389,Black/African American,14,,4,1,0.25,0.019444444,1.944444444
390,Black/African American,3,,5,1,0.2,0.003333333,0.333333333
391,White/Caucasian,3,,3,0,0,0,0
392,Black/African American,2,,2,2,1,0.011111111,1.111111111
393,Black/African American,0,,4,4,1,0,0
394,Black/African American,1,,1,0,0,0,0
395,White/Caucasian,0,,1,0,0,0,0
396,Black/African American,4,,2,2,1,0.022222222,2.222222222
397,Black/African American,0,,1,0,0,0,0
398,Black/African American,2,,2,1,0.5,0.005555556,0.555555556
399,Black/African American,1,,3,2,0.666666667,0.003703704,0.37037037
400,Black/African American,6,,5,4,0.8,0.026666667,2.666666667
401,Black/African American,5,,5,4,0.8,0.022222222,2.222222222
402,White/Caucasian,1,,1,0,0,0,0
403,White/Caucasian,3,,3,1,0.333333333,0.005555556,0.555555556
404,Black/African American,2,,4,3,0.75,0.008333333,0.833333333
405,Black/African American,2,,5,2,0.4,0.004444444,0.444444444
406,White/Caucasian,1,,1,0,0,0,0
407,White/Caucasian,3,,4,3,0.75,0.0125,1.25
408,Black/African American,4,,4,2,0.5,0.011111111,1.111111111
409,Black/African American,6,,4,2,0.5,0.016666667,1.666666667
410,Black/African American,5,,2,1,0.5,0.013888889,1.388888889
411,Black/African American,1,,1,1,1,0.005555556,0.555555556
412,White/Caucasian,7,,3,0,0,0,0
413,Black/African American,1,,1,0,0,0,0
414,Black/African American,10,,5,3,0.6,0.033333333,3.333333333
415,White/Caucasian,6,,4,1,0.25,0.008333333,0.833333333
416,Black/African American,4,,5,5,1,0.022222222,2.222222222
417,Black/African American,6,,3,1,0.333333333,0.011111111,1.111111111
418,White/Caucasian,0,,1,0,0,0,0
419,White/Caucasian,1,,1,1,1,0.005555556,0.555555556
420,Black/African American,1,,1,1,1,0.005555556,0.555555556
421,Black/African American,2,,5,4,0.8,0.008888889,0.888888889
422,White/Caucasian,2,,2,1,0.5,0.005555556,0.555555556
423,Black/African American,13,,5,5,1,0.072222222,7.222222222
424,White/Caucasian,3,,5,1,0.2,0.003333333,0.333333333
425,Black/African American,2,,1,0,0,0,0
426,Black/African American,17,,4,1,0.25,0.023611111,2.361111111
427,White/Caucasian,2,,2,1,0.5,0.005555556,0.555555556
428,Black/African American,0,,2,1,0.5,0,0
429,Black/African American,1,,5,1,0.2,0.001111111,0.111111111
430,Black/African American,20,,2,0,0,0,0
431,Black/African American,5,,4,0,0,0,0
432,Black/African American,2,,2,1,0.5,0.005555556,0.555555556
433,Black/African American,3,,5,4,0.8,0.013333333,1.333333333
434,Black/African American,3,,3,0,0,0,0
435,Black/African American,1,,1,1,1,0.005555556,0.555555556
436,Black/African American,4,,5,2,0.4,0.008888889,0.888888889
437,White/Caucasian,2,,2,1,0.5,0.005555556,0.555555556
438,White/Caucasian,2,,5,3,0.6,0.006666667,0.666666667
439,Black/African American,12,,4,2,0.5,0.033333333,3.333333333
440,Black/African American,5,,5,3,0.6,0.016666667,1.666666667
441,Black/African American,6,,5,3,0.6,0.02,2
442,Black/African American,3,,1,0,0,0,0
443,White/Caucasian,2,,2,1,0.5,0.005555556,0.555555556
444,Black/African American,5,,5,2,0.4,0.011111111,1.111111111
445,Black/African American,2,,2,0,0,0,0
446,Black/African American,5,,4,2,0.5,0.013888889,1.388888889
447,Black/African American,3,,3,1,0.333333333,0.005555556,0.555555556
448,Black/African American,4,,4,2,0.5,0.011111111,1.111111111
449,Black/African American,10,,5,2,0.4,0.022222222,2.222222222
450,Black/African American,1,,1,0,0,0,0
451,Black/African American,4,,2,0,0,0,0
452,Black/African American,3,,3,2,0.666666667,0.011111111,1.111111111
453,Black/African American,3,,3,2,0.666666667,0.011111111,1.111111111
454,Black/African American,1,,1,0,0,0,0
455,Black/African American,1,,3,1,0.333333333,0.001851852,0.185185185
456,White/Caucasian,1,,2,1,0.5,0.002777778,0.277777778
457,Black/African American,7,,1,0,0,0,0
458,White/Caucasian,15,,5,3,0.6,0.05,5
459,Black/African American,15,,5,3,0.6,0.05,5
460,White/Caucasian,6,,3,2,0.666666667,0.022222222,2.222222222
461,Black/African American,2,,3,2,0.666666667,0.007407407,0.740740741
462,White/Caucasian,,,2,0,0,,
463,White/Caucasian,2,,2,0,0,0,0
464,Black/African American,7,,3,2,0.666666667,0.025925926,2.592592593
465,White/Caucasian,2,,2,0,0,0,0
466,White/Caucasian,10,,2,1,0.5,0.027777778,2.777777778
467,Black/African American,3,,3,3,1,0.016666667,1.666666667
468,White/Caucasian,2,,2,0,0,0,0
469,White/Caucasian,10,,4,4,1,0.055555556,5.555555556
470,Black/African American,6,,5,3,0.6,0.02,2
471,Black/African American,0,,1,0,0,0,0
472,Black/African American,20,,5,0,0,0,0
473,Black/African American,1,,1,0,0,0,0
474,Black/African American,3,,5,4,0.8,0.013333333,1.333333333
475,Black/African American,1,,1,0,0,0,0
476,Black/African American,2,,3,2,0.666666667,0.007407407,0.740740741
477,Black/African American,16,,5,4,0.8,0.071111111,7.111111111
478,Black/African American,3,,3,3,1,0.016666667,1.666666667
479,Black/African American,1,,2,2,1,0.005555556,0.555555556
480,Black/African American,3,,4,0,0,0,0
481,Black/African American,2,,5,3,0.6,0.006666667,0.666666667
482,Black/African American,1,,1,0,0,0,0
483,Black/African American,7,,3,3,1,0.038888889,3.888888889
484,Black/African American,2,,2,1,0.5,0.005555556,0.555555556
485,Black/African American,2,,2,1,0.5,0.005555556,0.555555556
486,Black/African American,10,,3,2,0.666666667,0.037037037,3.703703704
487,White/Caucasian,1,,1,0,0,0,0
488,Black/African American,1,,1,0,0,0,0
489,White/Caucasian,4,,4,2,0.5,0.011111111,1.111111111
490,Black/African American,1,,5,5,1,0.005555556,0.555555556
491,White/Caucasian,2,,1,0,0,0,0
492,White/Caucasian,50,,5,4,0.8,0.222222222,22.22222222
493,Black/African American,1,,1,0,0,0,0
494,White/Caucasian,2,,2,0,0,0,0
495,Black/African American,3,,4,1,0.25,0.004166667,0.416666667
496,White/Caucasian,1,,4,2,0.5,0.002777778,0.277777778
497,White/Caucasian,6,,1,1,1,0.033333333,3.333333333
498,Black/African American,1,,1,0,0,0,0
499,White/Caucasian,10,,3,2,0.666666667,0.037037037,3.703703704
500,White/Caucasian,1,,1,0,0,0,0
501,White/Caucasian,3,,3,2,0.666666667,0.011111111,1.111111111
502,Black/African American,1,,1,0,0,0,0
503,Black/African American,2,,3,2,0.666666667,0.007407407,0.740740741
504,White/Caucasian,2,,2,0,0,0,0
505,Black/African American,4,,5,3,0.6,0.013333333,1.333333333
506,Black/African American,3,,3,1,0.333333333,0.005555556,0.555555556
507,Black/African American,3,,5,3,0.6,0.01,1
508,White/Caucasian,4,,4,1,0.25,0.005555556,0.555555556
509,White/Caucasian,3,,2,1,0.5,0.008333333,0.833333333
510,Black/African American,3,,3,2,0.666666667,0.011111111,1.111111111
511,White/Caucasian,6,,3,1,0.333333333,0.011111111,1.111111111
512,Black/African American,4,,3,1,0.333333333,0.007407407,0.740740741
513,White/Caucasian,0,,2,1,0.5,0,0
514,White/Caucasian,1,,1,1,1,0.005555556,0.555555556
515,White/Caucasian,3,,3,1,0.333333333,0.005555556,0.555555556
516,Black/African American,2,,2,1,0.5,0.005555556,0.555555556
517,White/Caucasian,6,,2,0,0,0,0
518,White/Caucasian,3,,4,3,0.75,0.0125,1.25
519,Black/African American,3,,5,1,0.2,0.003333333,0.333333333
520,White/Caucasian,4,,5,1,0.2,0.004444444,0.444444444
521,White/Caucasian,1,,1,0,0,0,0
522,White/Caucasian,10,,5,2,0.4,0.022222222,2.222222222
523,White/Caucasian,13,,2,0,0,0,0
524,Black/African American,6,,2,0,0,0,0
525,Black/African American,4,,5,4,0.8,0.017777778,1.777777778
526,White/Caucasian,1,,1,0,0,0,0
527,White/Caucasian,5,,4,3,0.75,0.020833333,2.083333333
528,White/Caucasian,9,,4,2,0.5,0.025,2.5
529,Black/African American,2,,4,3,0.75,0.008333333,0.833333333
530,White/Caucasian,5,,2,2,1,0.027777778,2.777777778
531,White/Caucasian,2,,2,1,0.5,0.005555556,0.555555556
532,Black/African American,1,,1,0,0,0,0
533,White/Caucasian,15,,5,3,0.6,0.05,5
534,White/Caucasian,8,,5,2,0.4,0.017777778,1.777777778
535,White/Caucasian,3,,3,1,0.333333333,0.005555556,0.555555556
536,White/Caucasian,9,,5,2,0.4,0.02,2
537,White/Caucasian,3,,1,0,0,0,0
538,White/Caucasian,,,5,5,1,,
539,White/Caucasian,2,,2,0,0,0,0
540,White/Caucasian,3,,3,1,0.333333333,0.005555556,0.555555556
541,White/Caucasian,1,,1,0,0,0,0
542,Black/African American,1,,2,1,0.5,0.002777778,0.277777778
543,Black/African American,15,,3,0,0,0,0
544,White/Caucasian,3,,1,1,1,0.016666667,1.666666667
545,Black/African American,1,,2,2,1,0.005555556,0.555555556
546,White/Caucasian,3,,3,1,0.333333333,0.005555556,0.555555556
547,White/Caucasian,2,,2,1,0.5,0.005555556,0.555555556
548,Black/African American,3,,3,0,0,0,0
549,Black/African American,1,,2,1,0.5,0.002777778,0.277777778
550,Black/African American,4,,4,3,0.75,0.016666667,1.666666667
551,White/Caucasian,13,,5,0,0,0,0
552,Black/African American,0,,1,1,1,0,0
553,Black/African American,2,,2,0,0,0,0
554,Black/African American,5,,4,0,0,0,0
555,White/Caucasian,8,,5,2,0.4,0.017777778,1.777777778
556,Black/African American,1,,4,3,0.75,0.004166667,0.416666667
557,Black/African American,5,,5,5,1,0.027777778,2.777777778
558,White/Caucasian,0,,1,1,1,0,0
559,Black/African American,,,4,4,1,,
560,Black/African American,2,,1,0,0,0,0
561,White/Caucasian,25,,3,1,0.333333333,0.046296296,4.62962963
562,Black/African American,2,,2,1,0.5,0.005555556,0.555555556
563,Black/African American,2,,2,1,0.5,0.005555556,0.555555556
564,White/Caucasian,2,,1,1,1,0.011111111,1.111111111
565,White/Caucasian,3,,3,2,0.666666667,0.011111111,1.111111111
566,Black/African American,5,,5,5,1,0.027777778,2.777777778
567,White/Caucasian,1,,2,1,0.5,0.002777778,0.277777778
568,Black/African American,3,,1,0,0,0,0
569,Black/African American,4,,2,1,0.5,0.011111111,1.111111111
570,Black/African American,4,,5,2,0.4,0.008888889,0.888888889
571,Black/African American,3,,5,2,0.4,0.006666667,0.666666667
572,Black/African American,5,,3,0,0,0,0
573,Black/African American,12,,5,0,0,0,0
574,Black/African American,1,,2,1,0.5,0.002777778,0.277777778
575,Black/African American,5,,5,1,0.2,0.005555556,0.555555556
576,Black/African American,3,,3,3,1,0.016666667,1.666666667
577,Black/African American,10,,5,3,0.6,0.033333333,3.333333333
578,Black/African American,7,,4,0,0,0,0
579,Black/African American,0,,1,1,1,0,0
580,Black/African American,9,,5,2,0.4,0.02,2
581,Black/African American,3,,1,1,1,0.016666667,1.666666667
582,Black/African American,2,,2,0,0,0,0
583,White/Caucasian,5,,3,0,0,0,0
584,White/Caucasian,1,,1,0,0,0,0
585,Black/African American,4,,4,2,0.5,0.011111111,1.111111111
586,Black/African American,3,,2,0,0,0,0
587,White/Caucasian,2,,2,0,0,0,0
588,Black/African American,6,,5,3,0.6,0.02,2
589,Black/African American,7,,5,4,0.8,0.031111111,3.111111111
590,White/Caucasian,4,,3,0,0,0,0
591,Black/African American,1,,1,1,1,0.005555556,0.555555556
592,Black/African American,2,,5,4,0.8,0.008888889,0.888888889
593,Black/African American,1,,4,2,0.5,0.002777778,0.277777778
594,Black/African American,5,,5,1,0.2,0.005555556,0.555555556
595,Black/African American,1,,1,0,0,0,0
596,Black/African American,1,,1,0,0,0,0
597,White/Caucasian,1,,1,0,0,0,0
598,Black/African American,7,,4,2,0.5,0.019444444,1.944444444
599,Black/African American,3,,2,0,0,0,0
600,Black/African American,2,,4,3,0.75,0.008333333,0.833333333
601,White/Caucasian,4,,5,2,0.4,0.008888889,0.888888889
602,Black/African American,6,,2,2,1,0.033333333,3.333333333
603,Black/African American,2,,2,1,0.5,0.005555556,0.555555556
604,Black/African American,1,,1,0,0,0,0
605,Black/African American,3,,3,1,0.333333333,0.005555556,0.555555556
606,Black/African American,2,,3,1,0.333333333,0.003703704,0.37037037
607,Black/African American,8,,5,3,0.6,0.026666667,2.666666667
608,White/Caucasian,1,,2,0,0,0,0
609,White/Caucasian,4,,3,0,0,0,0
610,Black/African American,10,,5,2,0.4,0.022222222,2.222222222
611,Black/African American,1,,1,1,1,0.005555556,0.555555556
612,Black/African American,3,,2,1,0.5,0.008333333,0.833333333
613,Black/African American,1,,1,0,0,0,0
614,Black/African American,2,,4,3,0.75,0.008333333,0.833333333
615,Black/African American,1,,2,2,1,0.005555556,0.555555556
616,Black/African American,2,,5,5,1,0.011111111,1.111111111
617,Black/African American,6,,4,2,0.5,0.016666667,1.666666667
618,Black/African American,2,,1,1,1,0.011111111,1.111111111
619,Black/African American,1,,2,0,0,0,0
620,Black/African American,2,,5,3,0.6,0.006666667,0.666666667
621,Black/African American,1,,1,1,1,0.005555556,0.555555556
622,White/Caucasian,1,,1,1,1,0.005555556,0.555555556
623,Black/African American,10,,5,2,0.4,0.022222222,2.222222222
624,White/Caucasian,7,,3,1,0.333333333,0.012962963,1.296296296
625,White/Caucasian,1,,1,1,1,0.005555556,0.555555556
626,Black/African American,1,,1,0,0,0,0
627,Black/African American,5,,3,0,0,0,0
628,Black/African American,1,,1,0,0,0,0
629,Black/African American,4,,4,3,0.75,0.016666667,1.666666667
630,Black/African American,2,,2,2,1,0.011111111,1.111111111
631,Black/African American,3,,5,1,0.2,0.003333333,0.333333333
632,White/Caucasian,15,,3,1,0.333333333,0.027777778,2.777777778
633,White/Caucasian,1,,1,1,1,0.005555556,0.555555556
634,Black/African American,5,,5,2,0.4,0.011111111,1.111111111
635,White/Caucasian,4,,4,2,0.5,0.011111111,1.111111111
636,White/Caucasian,5,,3,1,0.333333333,0.009259259,0.925925926
637,White/Caucasian,2,,3,2,0.666666667,0.007407407,0.740740741
638,Black/African American,1,,2,1,0.5,0.002777778,0.277777778
639,White/Caucasian,1,,1,1,1,0.005555556,0.555555556
640,Black/African American,2,,4,1,0.25,0.002777778,0.277777778
641,Black/African American,2,,2,1,0.5,0.005555556,0.555555556
642,Black/African American,2,,5,3,0.6,0.006666667,0.666666667
643,White/Caucasian,4,,5,2,0.4,0.008888889,0.888888889
644,Black/African American,5,,4,1,0.25,0.006944444,0.694444444
645,Black/African American,1,,2,1,0.5,0.002777778,0.277777778
646,Black/African American,2,,4,1,0.25,0.002777778,0.277777778
647,White/Caucasian,2,,1,1,1,0.011111111,1.111111111
648,White/Caucasian,2,,2,2,1,0.011111111,1.111111111
649,White/Caucasian,1,,2,1,0.5,0.002777778,0.277777778
650,Black/African American,2,,2,1,0.5,0.005555556,0.555555556
651,Black/African American,4,,4,2,0.5,0.011111111,1.111111111
652,Black/African American,6,,5,4,0.8,0.026666667,2.666666667
653,Black/African American,2,,2,0,0,0,0
654,Black/African American,11,,4,2,0.5,0.030555556,3.055555556
655,Black/African American,3,,3,2,0.666666667,0.011111111,1.111111111
656,Black/African American,3,,1,1,1,0.016666667,1.666666667
657,Black/African American,3,,2,2,1,0.016666667,1.666666667
658,White/Caucasian,2,,2,2,1,0.011111111,1.111111111
659,White/Caucasian,2,,1,0,0,0,0
660,Black/African American,1,,3,3,1,0.005555556,0.555555556
661,White/Caucasian,3,,3,2,0.666666667,0.011111111,1.111111111
662,White/Caucasian,20,,5,1,0.2,0.022222222,2.222222222
663,Black/African American,1,,1,0,0,0,0
664,Black/African American,8,,5,0,0,0,0
665,Black/African American,3,,5,3,0.6,0.01,1
666,Black/African American,2,,2,1,0.5,0.005555556,0.555555556
667,Black/African American,4,,4,2,0.5,0.011111111,1.111111111
668,Black/African American,3,,5,4,0.8,0.013333333,1.333333333
669,White/Caucasian,6,,5,1,0.2,0.006666667,0.666666667
670,Black/African American,11,,5,4,0.8,0.048888889,4.888888889
671,Black/African American,3,,5,5,1,0.016666667,1.666666667
672,White/Caucasian,2,,1,1,1,0.011111111,1.111111111
673,White/Caucasian,1,,1,0,0,0,0
674,Black/African American,2,,4,0,0,0,0
675,Black/African American,2,,2,1,0.5,0.005555556,0.555555556
676,Black/African American,2,,2,2,1,0.011111111,1.111111111
677,White/Caucasian,2,,2,1,0.5,0.005555556,0.555555556
678,White/Caucasian,2,,2,0,0,0,0
679,Black/African American,1,,2,2,1,0.005555556,0.555555556
680,Black/African American,4,,4,0,0,0,0
681,Black/African American,3,,2,1,0.5,0.008333333,0.833333333
682,Black/African American,2,,5,3,0.6,0.006666667,0.666666667
683,White/Caucasian,1,,1,1,1,0.005555556,0.555555556
684,White/Caucasian,3,,4,1,0.25,0.004166667,0.416666667
685,Black/African American,25,,5,3,0.6,0.083333333,8.333333333
686,White/Caucasian,1,,1,0,0,0,0
687,Black/African American,7,,5,4,0.8,0.031111111,3.111111111
688,White/Caucasian,2,,5,4,0.8,0.008888889,0.888888889
689,Black/African American,4,,1,0,0,0,0
690,Black/African American,2,,5,3,0.6,0.006666667,0.666666667
691,Black/African American,4,,4,1,0.25,0.005555556,0.555555556
692,Black/African American,25,,3,3,1,0.138888889,13.88888889
693,Black/African American,1,,3,1,0.333333333,0.001851852,0.185185185
694,White/Caucasian,4,,4,1,0.25,0.005555556,0.555555556
695,Black/African American,1,,1,0,0,0,0
696,White/Caucasian,2,,1,1,1,0.011111111,1.111111111
697,White/Caucasian,3,,3,2,0.666666667,0.011111111,1.111111111
698,White/Caucasian,6,,4,0,0,0,0
699,Black/African American,1,,1,0,0,0,0
700,Black/African American,5,,2,2,1,0.027777778,2.777777778
701,Black/African American,2,,2,2,1,0.011111111,1.111111111
702,White/Caucasian,0,,1,0,0,0,0
703,Black/African American,1,,3,2,0.666666667,0.003703704,0.37037037
704,Black/African American,6,,1,0,0,0,0
705,White/Caucasian,7,,5,2,0.4,0.015555556,1.555555556
706,Black/African American,2,,3,2,0.666666667,0.007407407,0.740740741
707,Black/African American,7,,5,3,0.6,0.023333333,2.333333333
708,White/Caucasian,1,,1,1,1,0.005555556,0.555555556
709,Black/African American,2,,2,1,0.5,0.005555556,0.555555556
710,Black/African American,1,,1,0,0,0,0
711,Black/African American,1,,1,1,1,0.005555556,0.555555556
712,Black/African American,10,,3,2,0.666666667,0.037037037,3.703703704
713,Black/African American,9,,2,0,0,0,0
714,Black/African American,2,,2,0,0,0,0
715,Black/African American,2,,2,1,0.5,0.005555556,0.555555556
716,White/Caucasian,4,,3,1,0.333333333,0.007407407,0.740740741
717,Black/African American,3,,1,0,0,0,0
718,Black/African American,1,,3,3,1,0.005555556,0.555555556
719,Black/African American,,2,1,0,0,0,0
720,Black/African American,,10,2,1,0.5,0.013888889,1.388888889
721,Black/African American,,1,3,3,1,0.002777778,0.277777778
722,Black/African American,,6,2,0,0,0,0
723,White/Caucasian,,1,1,0,0,0,0
724,White/Caucasian,,1,1,0,0,0,0
725,Black/African American,,3,2,2,1,0.008333333,0.833333333
726,Black/African American,,5,3,0,0,0,0
727,White/Caucasian,,10,6,6,1,0.027777778,2.777777778
728,Black/African American,,1,1,0,0,0,0
729,Black/African American,,2,2,1,0.5,0.002777778,0.277777778
730,White/Caucasian,,4,5,1,0.2,0.002222222,0.222222222
731,Black/African American,,2,1,0,0,0,0
732,Black/African American,,1,2,1,0.5,0.001388889,0.138888889
733,White/Caucasian,,8,5,2,0.4,0.008888889,0.888888889
734,Black/African American,,14,4,2,0.5,0.019444444,1.944444444
735,Black/African American,,1,2,1,0.5,0.001388889,0.138888889
736,White/Caucasian,,3,3,1,0.333333333,0.002777778,0.277777778
737,Black/African American,,4,3,2,0.666666667,0.007407407,0.740740741
738,Black/African American,,4,1,0,0,0,0
739,Black/African American,,2,2,0,0,0,0
740,White/Caucasian,,1,1,0,0,0,0
741,Black/African American,,2,3,0,0,0,0
742,Black/African American,,9,3,3,1,0.025,2.5
743,White/Caucasian,,3,2,0,0,0,0
744,Black/African American,,20,6,5,0.833333333,0.046296296,4.62962963
745,Black/African American,,3,3,1,0.333333333,0.002777778,0.277777778
746,White/Caucasian,,3,1,0,0,0,0
747,Black/African American,,6,3,2,0.666666667,0.011111111,1.111111111
748,White/Caucasian,,1,2,1,0.5,0.001388889,0.138888889
749,White/Caucasian,,3,2,0,0,0,0
750,Black/African American,,9,5,2,0.4,0.01,1
751,White/Caucasian,,1,1,0,0,0,0
752,Black/African American,,3,3,0,0,0,0
753,White/Caucasian,,10,2,1,0.5,0.013888889,1.388888889
754,White/Caucasian,,5,2,0,0,0,0
755,White/Caucasian,,1,1,0,0,0,0
756,Black/African American,,3,3,0,0,0,0
757,Black/African American,,8,4,1,0.25,0.005555556,0.555555556
758,Black/African American,,3,4,2,0.5,0.004166667,0.416666667
759,Black/African American,,3,3,1,0.333333333,0.002777778,0.277777778
760,Black/African American,,19,7,5,0.714285714,0.037698413,3.76984127
761,Black/African American,,1,2,1,0.5,0.001388889,0.138888889
762,White/Caucasian,,2,2,0,0,0,0
763,White/Caucasian,,10,4,2,0.5,0.013888889,1.388888889
764,White/Caucasian,,5,5,3,0.6,0.008333333,0.833333333
765,Black/African American,,3,3,0,0,0,0
766,White/Caucasian,,1,1,1,1,0.002777778,0.277777778
767,Black/African American,,1,4,3,0.75,0.002083333,0.208333333
768,White/Caucasian,,4,5,2,0.4,0.004444444,0.444444444
769,Black/African American,,20,6,3,0.5,0.027777778,2.777777778
770,Black/African American,,3,5,3,0.6,0.005,0.5
771,Black/African American,,1,1,1,1,0.002777778,0.277777778
772,Black/African American,,3,3,1,0.333333333,0.002777778,0.277777778
773,White/Caucasian,,3,3,0,0,0,0
774,Black/African American,,3,6,3,0.5,0.004166667,0.416666667
775,White/Caucasian,,18,5,2,0.4,0.02,2
776,Black/African American,,1,1,0,0,0,0
777,White/Caucasian,,1,1,0,0,0,0
778,White/Caucasian,,4,4,1,0.25,0.002777778,0.277777778
779,White/Caucasian,,3,1,1,1,0.008333333,0.833333333
780,White/Caucasian,,5,3,2,0.666666667,0.009259259,0.925925926
781,Black/African American,,10,8,6,0.75,0.020833333,2.083333333
782,Black/African American,,1,1,0,0,0,0
783,White/Caucasian,,1,1,0,0,0,0
784,Black/African American,,6,5,4,0.8,0.013333333,1.333333333
785,Black/African American,,7,7,4,0.571428571,0.011111111,1.111111111
786,Black/African American,,2,4,3,0.75,0.004166667,0.416666667
787,Black/African American,,5,3,1,0.333333333,0.00462963,0.462962963
788,Black/African American,,4,4,3,0.75,0.008333333,0.833333333
789,Black/African American,,2,1,0,0,0,0
790,White/Caucasian,,1,1,0,0,0,0
791,White/Caucasian,,1,1,0,0,0,0
792,White/Caucasian,,2,1,1,1,0.005555556,0.555555556
793,White/Caucasian,,6,4,1,0.25,0.004166667,0.416666667
794,Black/African American,,4,2,1,0.5,0.005555556,0.555555556
795,White/Caucasian,,3,3,1,0.333333333,0.002777778,0.277777778
796,Black/African American,,1,1,0,0,0,0
797,Black/African American,,5,6,3,0.5,0.006944444,0.694444444
798,Black/African American,,2,2,1,0.5,0.002777778,0.277777778
799,Black/African American,,3,3,1,0.333333333,0.002777778,0.277777778
800,Black/African American,,5,3,1,0.333333333,0.00462963,0.462962963
801,White/Caucasian,,2,1,0,0,0,0
802,Black/African American,,2,3,1,0.333333333,0.001851852,0.185185185
803,Black/African American,,3,1,1,1,0.008333333,0.833333333
804,Black/African American,,6,3,2,0.666666667,0.011111111,1.111111111
805,White/Caucasian,,1,1,0,0,0,0
806,White/Caucasian,,6,5,2,0.4,0.006666667,0.666666667
807,Black/African American,,4,2,1,0.5,0.005555556,0.555555556
808,White/Caucasian,,20,8,7,0.875,0.048611111,4.861111111
809,Black/African American,,7,1,0,0,0,0
810,White/Caucasian,,4,3,1,0.333333333,0.003703704,0.37037037
811,Black/African American,,6,4,1,0.25,0.004166667,0.416666667
812,White/Caucasian,,3,3,0,0,0,0
813,White/Caucasian,,10,4,3,0.75,0.020833333,2.083333333
814,Black/African American,,3,3,2,0.666666667,0.005555556,0.555555556
815,Black/African American,,3,1,0,0,0,0
816,White/Caucasian,,12,6,3,0.5,0.016666667,1.666666667
817,White/Caucasian,,12,4,2,0.5,0.016666667,1.666666667
818,Black/African American,,1,1,0,0,0,0
819,Black/African American,,6,6,1,0.166666667,0.002777778,0.277777778
820,White/Caucasian,,6,5,2,0.4,0.006666667,0.666666667
821,White/Caucasian,,4,4,1,0.25,0.002777778,0.277777778
822,Black/African American,,10,6,3,0.5,0.013888889,1.388888889
823,White/Caucasian,,2,2,0,0,0,0
824,White/Caucasian,,5,4,2,0.5,0.006944444,0.694444444
825,Black/African American,,1,1,1,1,0.002777778,0.277777778
826,White/Caucasian,,4,4,2,0.5,0.005555556,0.555555556
827,White/Caucasian,,10,6,4,0.666666667,0.018518519,1.851851852
828,White/Caucasian,,10,4,3,0.75,0.020833333,2.083333333
829,Black/African American,,8,8,7,0.875,0.019444444,1.944444444
830,White/Caucasian,,1,1,0,0,0,0
831,White/Caucasian,,3,2,1,0.5,0.004166667,0.416666667
832,Black/African American,,1,1,0,0,0,0
833,Black/African American,,4,1,0,0,0,0
834,White/Caucasian,,5,5,2,0.4,0.005555556,0.555555556
835,Black/African American,,6,5,2,0.4,0.006666667,0.666666667
836,White/Caucasian,,20,6,2,0.333333333,0.018518519,1.851851852
837,White/Caucasian,,3,2,1,0.5,0.004166667,0.416666667
838,White/Caucasian,,1,1,0,0,0,0
839,Black/African American,,3,3,0,0,0,0
840,Black/African American,,1,4,3,0.75,0.002083333,0.208333333
841,White/Caucasian,,8,1,1,1,0.022222222,2.222222222
842,White/Caucasian,,1,1,0,0,0,0
843,White/Caucasian,,10,10,5,0.5,0.013888889,1.388888889
844,Black/African American,,2,3,2,0.666666667,0.003703704,0.37037037
845,White/Caucasian,,4,3,2,0.666666667,0.007407407,0.740740741
846,Black/African American,,1,1,1,1,0.002777778,0.277777778
847,Black/African American,,3,2,0,0,0,0
848,Black/African American,,1,1,0,0,0,0
849,Black/African American,,1,1,0,0,0,0
850,Black/African American,,40,6,4,0.666666667,0.074074074,7.407407407
851,Black/African American,,6,4,3,0.75,0.0125,1.25
852,White/Caucasian,,6,5,3,0.6,0.01,1
853,White/Caucasian,,10,6,4,0.666666667,0.018518519,1.851851852
854,Black/African American,,5,6,1,0.166666667,0.002314815,0.231481482
855,Black/African American,,4,4,1,0.25,0.002777778,0.277777778
856,White/Caucasian,,2,2,2,1,0.005555556,0.555555556
857,Black/African American,,3,2,1,0.5,0.004166667,0.416666667
858,Black/African American,,4,4,3,0.75,0.008333333,0.833333333
859,Black/African American,,20,3,1,0.333333333,0.018518519,1.851851852
860,Black/African American,,2,2,1,0.5,0.002777778,0.277777778
861,Black/African American,,15,8,7,0.875,0.036458333,3.645833333
862,Black/African American,,2,2,0,0,0,0
863,Black/African American,,2,2,1,0.5,0.002777778,0.277777778
864,Black/African American,,3,4,4,1,0.008333333,0.833333333
865,Black/African American,,6,9,6,0.666666667,0.011111111,1.111111111
866,Black/African American,,1,1,0,0,0,0
867,Black/African American,,5,5,3,0.6,0.008333333,0.833333333
868,Black/African American,,0,1,1,1,0,0
869,White/Caucasian,,2,2,1,0.5,0.002777778,0.277777778
870,Black/African American,,4,3,1,0.333333333,0.003703704,0.37037037
871,White/Caucasian,,3,3,0,0,0,0
872,Black/African American,,1,1,1,1,0.002777778,0.277777778
873,Black/African American,,1,2,1,0.5,0.001388889,0.138888889
874,White/Caucasian,,6,4,2,0.5,0.008333333,0.833333333
875,White/Caucasian,,11,4,2,0.5,0.015277778,1.527777778
876,White/Caucasian,,1,1,0,0,0,0
877,Black/African American,,2,3,1,0.333333333,0.001851852,0.185185185
878,Black/African American,,14,7,4,0.571428571,0.022222222,2.222222222
879,Black/African American,,2,2,0,0,0,0
880,Black/African American,,1,6,5,0.833333333,0.002314815,0.231481482
881,White/Caucasian,,4,5,2,0.4,0.004444444,0.444444444
882,White/Caucasian,,7,5,4,0.8,0.015555556,1.555555556
883,White/Caucasian,,5,6,3,0.5,0.006944444,0.694444444
884,Black/African American,,2,2,2,1,0.005555556,0.555555556
885,Black/African American,,1,1,0,0,0,0
886,Black/African American,,4,2,2,1,0.011111111,1.111111111
887,Black/African American,,35,5,3,0.6,0.058333333,5.833333333
888,Black/African American,,5,4,1,0.25,0.003472222,0.347222222
889,Black/African American,,6,1,0,0,0,0
890,Black/African American,,4,4,2,0.5,0.005555556,0.555555556
891,White/Caucasian,,1,1,0,0,0,0
892,White/Caucasian,,4,3,2,0.666666667,0.007407407,0.740740741
893,Black/African American,,6,10,9,0.9,0.015,1.5
894,White/Caucasian,,6,5,5,1,0.016666667,1.666666667
895,Black/African American,,1,2,1,0.5,0.001388889,0.138888889
896,Black/African American,,10,2,1,0.5,0.013888889,1.388888889
897,White/Caucasian,,1,1,0,0,0,0
